sociale_category,kitchen_category,classy_category,sport_category,gamer_category,tvaddicted_category,safefood_category,animali_category,junkfood_category,road_category,travel_category,nome
2,5,3,5,3,2,5,2,1,1,1,ackhappy
2,3,4,5,5,4,5,4,5,4,3,annamaria.muellerbartl
2,5,5,5,5,5,1,5,1,5,3,annamariadamm
5,4,3,4,5,4,5,5,5,4,2,anna_maria.sieklucka
5,1,1,1,1,1,1,1,1,1,1,barbozajason
4,5,3,1,4,2,5,2,5,2,2,barefootfitjess
2,1,1,1,2,2,1,1,1,2,2,bergenbeatrix
2,4,5,5,5,5,5,3,5,5,5,boxingtrend
4,2,1,3,1,1,1,5,1,3,5,carr_charles
5,1,1,1,1,1,1,1,1,1,1,charlescarrollms.pgcps
5,1,1,2,2,1,5,1,3,1,1,charliesnailexpress
2,5,3,2,2,5,1,1,1,2,5,chris.seery.poofy
5,5,5,5,5,4,5,5,5,5,5,chrisseery
2,1,1,2,1,1,1,1,1,2,2,cindyschaefferphotography
2,1,1,5,1,1,1,1,1,1,1,craig.kimbrel.daily
2,1,1,1,1,1,1,1,1,1,1,craigkimbrel
2,4,5,5,5,5,1,5,5,4,5,danidanycabrass
2,1,5,5,5,5,1,5,1,5,5,danielbrassi
2,2,1,1,1,1,1,1,1,1,1,davidfinley12
4,1,1,2,3,2,1,1,1,1,1,douglas__brown
2,4,1,1,5,4,1,4,5,5,5,dylanchristopher
5,4,4,1,2,1,1,1,1,1,1,erin.jonesxx
2,1,1,1,1,1,1,1,2,1,1,erinjones.x
4,5,5,1,1,4,5,5,5,4,5,erinnjones_
5,5,5,5,5,5,1,1,1,5,5,erinnjones__
4,5,5,1,3,4,1,5,4,2,1,fivefootmonsterxo
2,3,1,1,1,1,1,5,5,1,1,furynaox
2,4,1,1,1,1,1,1,1,5,3,hmbartglass
2,3,5,2,5,4,5,4,1,5,5,howardamorrison
5,1,1,1,1,1,1,1,1,1,1,jacki.esteele
2,5,5,5,5,5,1,1,1,5,5,jackiesteelephoto
5,5,3,2,5,5,5,2,5,3,3,jackie_steele_31
4,2,3,1,4,5,1,2,1,4,3,janicecoelho
4,5,5,5,5,5,5,5,1,5,5,jax_steele
2,1,1,1,2,1,1,1,1,1,1,jennifer_wolfe
2,5,5,3,4,3,1,3,1,3,2,jenn_jonesxo
2,1,1,1,1,1,1,1,1,1,1,jessedasvirgens
2,4,3,4,4,5,5,5,5,4,5,jjlkfi
2,1,2,1,2,2,1,1,1,4,5,jjonescurl
2,2,1,2,2,3,1,2,4,1,1,johnalexanderschott
2,2,1,4,1,1,1,4,1,1,3,johnscottyoga
2,4,1,5,5,5,5,3,1,4,5,josephrjennings
4,5,5,3,5,5,5,1,5,4,1,julianne_miller
2,3,2,5,5,5,1,5,1,5,5,juliomillsvt
2,1,5,5,5,5,1,1,1,4,5,juli_anne_miller
2,1,1,3,1,1,1,5,1,4,4,jwolfe059
4,1,1,1,1,1,1,1,1,1,1,karl.hacker
2,1,1,1,1,1,1,1,1,1,1,karl_hacker
5,1,1,3,1,3,1,5,1,1,1,kathleenemiller
2,1,1,3,3,2,5,3,5,2,2,katmillerpainting
2,5,4,1,1,2,5,3,5,5,1,lindagualtieri
1,1,1,1,1,1,1,1,1,1,1,lindagualtieri_
2,3,1,1,1,1,1,1,1,2,1,littlemissashleyy
2,1,1,1,1,1,1,1,1,1,1,louisebakermusic
2,3,2,5,1,2,1,5,1,4,3,malibulives
4,5,5,1,5,5,5,3,5,5,5,mamamiatsang
5,2,1,2,5,4,1,1,1,2,3,marika_annarumma
2,4,2,2,2,4,1,5,5,5,5,mhopp7
2,1,1,1,1,1,1,1,1,2,1,michigan_photo_girl
4,5,2,2,5,5,5,3,4,1,1,ms.pandap
5,2,1,1,1,1,1,1,1,1,1,murphy_victoria_
4,1,1,1,1,1,1,5,1,3,1,m_matheu
2,1,2,2,1,1,1,1,1,2,1,nicho1as.rivera
2,5,5,5,5,5,1,5,1,5,5,nicholasrivera__
2,1,2,3,1,1,1,5,1,4,3,nickrivera14
2,5,1,2,1,1,1,1,1,2,3,patheophilo
2,1,1,1,2,1,1,1,1,2,1,patricia_gary__
2,1,4,1,1,1,1,1,1,2,1,patrick.keating
2,1,3,1,2,1,1,1,1,2,3,patrickkeating_
5,1,1,5,1,1,5,5,1,1,1,pattykayx
1,4,1,5,1,1,5,3,5,5,5,prestonsvalues
2,5,5,5,5,5,5,5,5,5,1,rainbowhawkstone198833
2,3,3,2,1,1,1,1,2,1,1,raulpotter
2,5,4,2,3,4,5,2,4,5,2,raymond.linen
2,5,3,2,5,5,5,2,1,4,3,reginacraig
4,2,2,2,4,4,5,1,1,1,1,rejoycehale
2,1,3,5,4,3,5,5,1,5,5,richard.wolf17
2,2,5,2,2,4,1,1,1,5,5,richard.wolfgang
2,5,5,5,5,5,1,5,5,5,5,richardberryg
5,3,3,2,3,3,1,2,5,3,2,richardberryofficiel
4,2,5,3,5,5,5,2,1,3,4,richardwolfgroup
1,1,1,1,1,1,1,5,1,1,1,richardwolfm
1,1,1,1,1,1,1,1,1,1,1,richgirl0124
4,5,5,5,5,5,5,5,5,5,5,ruthlantz
2,1,1,1,2,2,1,2,3,1,2,saxy_nerd_101_
5,1,2,1,2,2,1,4,1,2,4,shawnzkii
1,1,1,1,1,1,1,1,1,1,1,signcraigkimbrel
5,1,3,2,1,1,1,2,1,1,1,stanley.woods
2,3,5,2,5,5,1,2,5,4,5,stitches_by_vlet
2,3,3,3,3,3,5,4,5,5,2,tamaraherrera_decoradora
4,1,5,5,5,5,1,5,5,2,5,tamara_herrera
5,5,1,2,3,2,1,5,1,3,4,thehawkeyejones
2,5,5,1,5,2,1,3,5,5,5,val_richardson_
5,1,1,1,1,1,1,3,1,2,1,victoriamurphy.tv
5,2,3,4,5,5,1,5,1,5,3,virginia_knight_
2,5,2,1,5,5,1,3,1,1,1,vxrgxnxa.knxght
2,1,1,5,4,3,1,3,1,1,1,whitesox.capital
4,1,1,1,1,1,1,1,1,1,1,william.holbrook
2,1,1,2,1,1,1,1,1,1,2,william.jones20
2,5,5,5,5,5,1,1,1,5,5,williamholbrook23
4,1,1,2,1,1,1,1,1,2,1,williampeterjones
2,2,3,2,4,2,1,2,1,4,1,_ashley_robinson
5,2,1,1,2,2,1,4,1,1,2,_audrahaines
2,1,2,5,1,1,1,1,1,2,5,_charlescarr
2,1,5,5,5,5,1,5,1,3,5,_joejennings_
5,1,2,2,1,1,4,1,1,2,2,_louise_baker
1,1,1,1,1,1,1,1,1,1,1,_robert_._marian_
5,3,2,2,2,2,1,2,1,2,5,_tamaraherrera_
